SEQ_AREA;Área;VAL_NACIONAL;DSC_FASE;tem correspondente?
2461;A;54.458.888.199.999.900;Desenvolvimento;Não
2461;A;189.687.813.775.748;Produção;Não
1070;AB;5.062.360.366.069.990;Desenvolvimento;Não
1070;AB;1.904.102.804.452.690;Produção;Não
4170;ABALONE;24.502.653.737.225.200;Desenvolvimento;Sim
1071;ABL;5.900.131.341.349.990;Desenvolvimento;Não
1071;ABL;10.567.327.628.090.900;Produção;Não
4634;ACAJÁ-BURIZINHO;3.960.808.479.195.600;Produção;Sim
4456;ACAUÃ;1.678.966.525.999.990;Desenvolvimento;Sim
4456;ACAUÃ;7.152.355.146.097.600;Produção;Sim
4457;ACAUÃ LESTE;185042.2;Desenvolvimento;Não
2106;AG;5.434.360.843.000.000;Desenvolvimento;Não
2106;AG;21.704.415.812.419.100;Produção;Não
2462;AG;6.759.360.986.099.990;Desenvolvimento;Não
2462;AG;1.508.026.571.468.510;Produção;Não
3466;AG;21.760.213.700.000.000;Desenvolvimento;Não
3466;AG;38.493.235.070.279.700;Produção;Não
4302;ALBATROZ;28440000;Desenvolvimento;Sim
4302;ALBATROZ;24000;Produção;Sim
3468;AN;16.418.347.440.000.000;Desenvolvimento;Não
3468;AN;14.578.633.915.467.300;Produção;Não
4125;ANAMBÉ;34.663.689.589.999.900;Desenvolvimento;Sim
4125;ANAMBÉ;4.773.548.722.930.120;Produção;Sim
4462;ANDORINHA;37.891.660.738.426.000;Desenvolvimento;Sim
4462;ANDORINHA;17.599.815.059.999.900;Produção;Sim
4464;ANGICO;9029214.23;Desenvolvimento;Sim
4464;ANGICO;2.726.678.923.943.700;Produção;Sim
1072;ANQ;4.384.885.093.000.000;Desenvolvimento;Não
1072;ANQ;5.079.368.330.822.250;Produção;Não
2463;APR;834.075.526.399.999;Desenvolvimento;Não
2463;APR;356.622.364.028.775;Produção;Não
2464;AR;19.363.848.350.600.000;Desenvolvimento;Não
2464;AR;17.593.012.437.629.900;Produção;Não
4467;ARAÇARI;93672000;Desenvolvimento;Sim
4467;ARAÇARI;7.721.607.415.455.400;Produção;Sim
4638;ARAÇÁS LESTE;20.925.550.799.999.900;Desenvolvimento;Sim
4029;ARACUÃ;91232440;Desenvolvimento;Sim
4029;ARACUÃ;486.836.499.513;Produção;Sim
4126;ARAPAÇU;200679578.91;Desenvolvimento;Sim
4126;ARAPAÇU;15.427.832.939.999.900;Produção;Sim
4096;ARARA AZUL;2.903.597.519.709.990;Desenvolvimento;Sim
4096;ARARA AZUL;46660943;Produção;Sim
4097;ARARACANGA;2.909.455.670.500.000;Desenvolvimento;Sim
4097;ARARACANGA;109020122.22;Produção;Sim
2109;ARB;37469795.4;Desenvolvimento;Não
2109;ARB;5.701.683.607.959.680;Produção;Não
2110;ARG;8.488.783.884.800.000;Desenvolvimento;Não
2110;ARG;12.299.594.924.868.100;Produção;Não
4174;ARGONAUTA;19.889.871.500.053.500;Desenvolvimento;Sim
3469;ARI;3608168.96;Desenvolvimento;Não
3469;ARI;5.760.052.433.834.900;Produção;Não
2465;ARL;1087600;Produção;Não
1302;ARR;2058.32;Produção;Não
4468;ARRIBAÇÃ;11.531.300.573.799.900;Desenvolvimento;Sim
4468;ARRIBAÇÃ;9.938.651.599.999.990;Produção;Sim
2111;ART;4.775.605.706.999.990;Desenvolvimento;Não
2111;ART;8.250.127.952.480.690;Produção;Não
4469;ASA BRANCA;4.307.384.365.000.000;Desenvolvimento;Sim
4469;ASA BRANCA;2.710.106.061.377.190;Produção;Sim
1279;AT;306161002.37;Desenvolvimento;Não
1279;AT;13.452.218.021.831.200;Produção;Não
3941;ATAPU;20.218.083.262.999.900;Desenvolvimento;Sim
3940;ATLANTA;16.501.133.560.532.000;Desenvolvimento;Sim
3940;ATLANTA;257217570;Produção;Sim
3470;ATS;7.441.541.790.000.000;Desenvolvimento;Não
3470;ATS;29.916.237.678.159.900;Produção;Não
1303;B104;4.621.059.600.000.000;Desenvolvimento;Não
2466;BA;10.183.969.362.000.000;Desenvolvimento;Não
2466;BA;16.707.346.676.550.800;Produção;Não
471662;BACALHAU;0;Desenvolvimento;Sim
2112;BAL;9.035.311.885.000.000;Desenvolvimento;Não
2112;BAL;984.954.313.654.964;Produção;Não
4177;BALEIA ANÃ;14.683.750.657.999.900;Desenvolvimento;Sim
4177;BALEIA ANÃ;26.927.635.133.468.000;Produção;Sim
4178;BALEIA AZUL;1049438624.45;Desenvolvimento;Sim
4178;BALEIA AZUL;3.159.150.211.410.520;Produção;Sim
4179;BALEIA FRANCA;10.945.271.267.600.000;Desenvolvimento;Sim
4179;BALEIA FRANCA;21.345.959.784.647.700;Produção;Sim
2113;BAR;2.600.688.180.000.000;Desenvolvimento;Não
2113;BAR;36.141.867.657.544.000;Produção;Não
4474;BARRINHA LESTE;12.919.789.399.999.900;Desenvolvimento;Não
4474;BARRINHA LESTE;5.838.558.599.999.990;Produção;Não
4475;BARRINHA SUDOESTE;8.379.020.200.000.000;Desenvolvimento;Sim
4475;BARRINHA SUDOESTE;4.894.188.883.370.200;Produção;Sim
3943;BAÚNA;9.730.419.763.499.990;Desenvolvimento;Sim
3943;BAÚNA;14.195.053.418.999.900;Produção;Sim
3942;BAUNA SUL;67725.22;Desenvolvimento;Sim
1869;BB;5311539.84;Desenvolvimento;Não
1869;BB;88684.03;Produção;Não
2467;BB;10686267.42;Desenvolvimento;Não
2467;BB;671.539.167.270.599;Produção;Não
345094;BBG;6.537.608.132.070.000;Desenvolvimento;Não
345094;BBG;448072462.23;Produção;Não
1092;BC-60;5.255.098.399.999.990;Desenvolvimento;Não
1314;BCED;35.923.556.999.999.900;Desenvolvimento;Não
1099;BD;5.765.391.559.900.000;Desenvolvimento;Não
1099;BD;7.978.387.118.905.080;Produção;Não
2118;BE;89850289.9;Desenvolvimento;Não
2118;BE;9.300.867.180.362.800;Produção;Não
4640;BEIJA-FLOR;19.981.944.800.000.000;Desenvolvimento;Sim
4640;BEIJA-FLOR;29822.52;Produção;Sim
4306;BEM-TE-VI;0;Desenvolvimento;Sim
4306;BEM-TE-VI;30933.88;Produção;Sim
2119;BEN;1.513.351.847.799.990;Desenvolvimento;Não
2119;BEN;10.999.428.562.262.600;Produção;Não
1316;BES-100;816100.32;Desenvolvimento;Não
1320;BFRD;22.533.870.000.000.000;Desenvolvimento;Não
1100;BG;7.933.030.669.000.000;Desenvolvimento;Não
1100;BG;19.828.715.129.000.000;Produção;Não
1101;BI;9.182.881.899.199.990;Desenvolvimento;Não
1101;BI;2.390.481.883.602.020;Produção;Não
1321;BI;7.423.077.007.999.990;Desenvolvimento;Não
1321;BI;8.010.608.414.000.000;Produção;Não
4305;BIGUÁ;12.864.011.660.000.000;Desenvolvimento;Sim
4305;BIGUÁ;52.765.338.734.046.100;Produção;Sim
4182;BIJUPIRÁ;8.712.052.103.703.060;Desenvolvimento;Sim
4182;BIJUPIRÁ;3.159.790.432.352.150;Produção;Sim
4477;BIQUARA;8.511.410.078.000.000;Desenvolvimento;Sim
4477;BIQUARA;15.720.184.170.000.000;Produção;Sim
1102;BJ;4.744.735.466.211.650;Desenvolvimento;Não
1102;BJ;12.259.921.254.796.300;Produção;Não
2468;BJ;1077428.93;Desenvolvimento;Não
2468;BJ;5.091.439.939.061.040;Produção;Não
2120;BJZ;15.933.255.249.999.900;Desenvolvimento;Não
2120;BJZ;11.167.934.621.521.900;Produção;Não
1125;BM-C-7;30.356.523.570.599.900;Produção;Não
1126;BM-C-8;65.375.590.308.331.100;Produção;Não
2809;BM-S-11;20.550.201.339.060.000;Desenvolvimento;Não
2823;BM-S-24;1120458396;Desenvolvimento;Não
2840;BM-S-8;8.400.330.700.000.000;Desenvolvimento;Não
2841;BM-S-9;33.290.976.942.200.000;Desenvolvimento;Não
3471;BM-SEAL-4;35.747.637.160.000.000;Desenvolvimento;Não
1128;BO;6.826.407.023.299.990;Desenvolvimento;Não
1128;BO;20.761.633.996.914.000;Produção;Não
4644;BOM LUGAR;13.955.733.047.999.900;Desenvolvimento;Sim
4644;BOM LUGAR;8.492.707.477.329.100;Produção;Sim
2130;BPOT-100A;-19.671.063.299.999.900;Desenvolvimento;Não
2133;BPOT-4;2022.28;Desenvolvimento;Não
2135;BPOT-6;12111.96;Desenvolvimento;Não
1129;BR;29.378.380.402.699.900;Desenvolvimento;Não
1129;BR;17.811.569.115.735.300;Produção;Não
2137;BR;17.854.280.033.000.000;Desenvolvimento;Não
2137;BR;17.813.789.390.737.700;Produção;Não
2472;BREC-11;17423.06;Desenvolvimento;Não
2480;BREC-9;370.79;Desenvolvimento;Não
1337;BREG;8.630.073.000.000.000;Desenvolvimento;Não
3476;BRG;2.420.847.611.999.990;Desenvolvimento;Não
3476;BRG;7.466.407.415.000.000;Produção;Não
2846;BS-400;11.480.828.900.000.000;Desenvolvimento;Não
2847;BS-500;310514.35;Desenvolvimento;Não
3700;BSOL-5;56099.43;Desenvolvimento;Não
2481;BSU;32.735.819.299.999.900;Desenvolvimento;Não
2481;BSU;59.511.251.969.915;Produção;Não
2138;BT-POT-10;11.473.319.199.999.900;Produção;Não
2140;BT-POT-3;17992000;Produção;Não
2483;BT-REC-10;10210553.5;Produção;Não
3945;BÚZIOS;9816494700;Desenvolvimento;Sim
2147;BVS;10.693.304.605.999.900;Desenvolvimento;Não
2147;BVS;14.491.256.969.364.400;Produção;Não
2493;C;21.403.967.608.000.000;Desenvolvimento;Não
2493;C;8.337.944.173.179.830;Produção;Não
1343;CA;17.757.626.957.999.900;Desenvolvimento;Não
1343;CA;13.237.216.910.000.000;Produção;Não
2494;CA;8789554.05;Desenvolvimento;Não
2494;CA;2558099.92;Produção;Não
1344;CAB;6.001.039.119.999.990;Desenvolvimento;Não
1344;CAB;15.853.342.259.999.900;Produção;Não
4481;CABOCLINHO;0;Desenvolvimento;Sim
4481;CABOCLINHO;18660;Produção;Sim
89960;CABURÉ;0.035999999999999976;Desenvolvimento;Sim
234510;CABURÉ LESTE;0.026999999999999982;Desenvolvimento;Sim
2149;CAC;12.740.322.653.000.000;Desenvolvimento;Não
2149;CAC;7.483.861.532.894.410;Produção;Não
4315;CAÇÃO;1602712.52;Desenvolvimento;Sim
4184;CACHALOTE;640471769.95;Desenvolvimento;Sim
4184;CACHALOTE;2.391.486.892.623.840;Produção;Sim
2150;CAM;38.488.659.432.700.000;Desenvolvimento;Não
2150;CAM;3.568.145.535.068.140;Produção;Não
4308;CAMARUPIM;1.280.255.917.329.990;Desenvolvimento;Sim
4308;CAMARUPIM;5.659.335.104.181.090;Produção;Sim
4309;CAMARUPIM NORTE;3.037.084.450.400.000;Produção;Sim
1345;CAN;8.652.387.829.999.990;Desenvolvimento;Não
1345;CAN;11.487.965.319.956.800;Produção;Não
4311;CANAPU;32.890.248.815.999.900;Desenvolvimento;Sim
4311;CANAPU;3.523.358.533.715.900;Produção;Sim
4655;CANÁRIO;218470000;Desenvolvimento;Sim
4655;CANÁRIO;34.690.482.016.059;Produção;Sim
139133;CANÁRIO DA TERRA;42.815.010.629.999.900;Desenvolvimento;Sim
139133;CANÁRIO DA TERRA;387898.45;Produção;Sim
265952;CANÁRIO DA TERRA SUL;0;Desenvolvimento;Sim
4312;CANCÃ;5.024.268.564.300.000;Desenvolvimento;Sim
4312;CANCÃ;5.630.118.240.242.680;Produção;Sim
144136;CANCÃ LESTE;6.059.961.923.000.000;Desenvolvimento;Sim
144136;CANCÃ LESTE;274298.69;Produção;Sim
2151;CAR;75476782.47;Desenvolvimento;Não
2151;CAR;70412433.86;Produção;Não
4035;CARAPITANGA;0;Desenvolvimento;Sim
4314;CARAPÓ;73384.94;Desenvolvimento;Sim
4187;CARATAÍ;15.862.093.799.999.900;Desenvolvimento;Sim
4485;CARCARÁ;16.261.560.200.799.900;Desenvolvimento;Sim
4486;CARDEAL;12.100.811.701.199.900;Desenvolvimento;Sim
4486;CARDEAL;8.393.981.563.999.990;Produção;Sim
4657;CARDEAL AMARELO;38.247.730.999.999.900;Desenvolvimento;Sim
4659;CARDEAL DO NORDESTE;5.113.963.144.797.990;Desenvolvimento;Sim
4660;CARDEAL-BA;34.410.595.000.000.000;Desenvolvimento;Sim
4038;CARMÓPOLIS NOROESTE;1112286.08;Desenvolvimento;Sim
4039;CARMÓPOLIS SUDOESTE;35.795.307.999.999.900;Desenvolvimento;Sim
4189;CATUÁ;10681255.62;Desenvolvimento;Sim
3948;CAVALO-MARINHO;13070690.64;Desenvolvimento;Sim
3948;CAVALO-MARINHO;-1951.95;Produção;Sim
4190;CAXAREU;20.131.569.426.999.900;Desenvolvimento;Sim
2495;CB;9.980.341.400.000.000;Desenvolvimento;Não
2495;CB;2.116.933.348.819.900;Produção;Não
3482;CB;7.833.558.968.000.000;Desenvolvimento;Não
3482;CB;6.032.744.838.423.630;Produção;Não
1346;CCN;25.795.489.540.000.000;Desenvolvimento;Não
1346;CCN;37.220.842.045.283.500;Produção;Não
1347;CD;20.506.226.450.000.000;Desenvolvimento;Não
1347;CD;294.555.029.995.038;Produção;Não
2496;CER;15.554.319.619.999.900;Desenvolvimento;Não
2496;CER;2.308.325.587.031.350;Produção;Não
1247;CG;5.709.627.254.200.000;Desenvolvimento;Não
1247;CG;15.042.583.781.732.200;Produção;Não
1348;CG;6.054.689.280.000.000;Desenvolvimento;Não
1348;CG;13.541.628.964.888.400;Produção;Não
3483;CG;283843;Desenvolvimento;Não
3483;CG;3964388;Produção;Não
2497;CGL;72107618.74;Desenvolvimento;Não
2497;CGL;4.912.855.126.821.680;Produção;Não
1248;CH;12.767.065.934.899.900;Desenvolvimento;Não
1248;CH;466.544.673.392.392;Produção;Não
4489;CHAUÁ;452100;Desenvolvimento;Sim
4489;CHAUÁ;167740;Produção;Sim
4490;CHOPIM;4.904.560.000.000.000;Desenvolvimento;Sim
4041;CIDADE DE ARACAJU;0;Desenvolvimento;Sim
4041;CIDADE DE ARACAJU;16.629.597.530.525;Produção;Sim
4127;CIDADE DE SEBASTIÃO FERREIRA;4.826.002.050.576;Produção;Sim
4491;CIOBA;9.490.855.883.999.990;Desenvolvimento;Sim
4491;CIOBA;16.675.145.237.824.400;Produção;Sim
3484;CL;17.970.449.060.999.900;Desenvolvimento;Não
3484;CL;972.857.323.113.294;Produção;Não
3485;CM;3.001.782.832.700.000;Desenvolvimento;Não
3485;CM;11.456.875.132.696.900;Produção;Não
1197;C-M-466;2.878.657.997.499.990;Produção;Não
1223;C-M-592;20.819.621.600.000.000;Produção;Não
1249;CO;36.744.980.099.000.000;Desenvolvimento;Não
1249;CO;2.260.241.585.732.280;Produção;Não
1349;COG;6584094.33;Desenvolvimento;Não
1349;COG;612741.97;Produção;Não
4492;COLIBRI;10.497.331.499.999.900;Desenvolvimento;Sim
3764;CON;16.288.653.220.000.000;Desenvolvimento;Não
3764;CON;560.472.012.527.398;Produção;Não
4493;CONCRIZ;4.723.048.802.040.000;Desenvolvimento;Sim
4493;CONCRIZ;281.803.382;Produção;Sim
4129;COQUEIRO SECO;83400;Desenvolvimento;Sim
4129;COQUEIRO SECO;28.554.323.513.786;Produção;Sim
4320;CÓRREGO CEDRO NORTE SUL;13.373.000.000.000.000;Desenvolvimento;Sim
4320;CÓRREGO CEDRO NORTE SUL;262705.4;Produção;Sim
4317;CORRUIRA;33.939.785.999.999.900;Desenvolvimento;Sim
1350;CP;17238283.18;Desenvolvimento;Não
1350;CP;15.954.401.827.234.400;Produção;Não
3486;CP;36.124.102.645.099.900;Desenvolvimento;Não
3486;CP;5.882.128.579.609.330;Produção;Não
1298;CR;19.220.910.718.999.900;Desenvolvimento;Não
1298;CR;101.830.262.536.817;Produção;Não
4318;CREJOÁ;7363500;Desenvolvimento;Sim
4318;CREJOÁ;1717150;Produção;Sim
2849;CRL;36.486.638.857.000.000;Desenvolvimento;Não
2849;CRL;4.942.353.341.867.060;Produção;Não
1250;CRP;603220728.38;Desenvolvimento;Não
1250;CRP;5.185.206.251.892.850;Produção;Não
3706;CRP;7.228.814.229.999.990;Desenvolvimento;Não
3706;CRP;17165324.77;Produção;Não
1251;CRT;13.995.416.924.099.900;Desenvolvimento;Não
1251;CRT;10.685.553.651.593.300;Produção;Não
2850;CRV;10.591.464.961.999.900;Desenvolvimento;Não
770;CS;16.132.436.293.638.000;Produção;Não
2498;CS;60.767.589.390.000.000;Desenvolvimento;Não
2498;CS;10.585.663.116.847.700;Produção;Não
771;CSF;10.422.340.989.524;Produção;Não
772;CSM;7.089.566.774.000.000;Desenvolvimento;Não
772;CSM;20.760.199.458.179.700;Produção;Não
3707;CUP;4805785.41;Desenvolvimento;Não
3707;CUP;73.140.696.269.241;Produção;Não
2499;CX;33.742.766.989.000.000;Desenvolvimento;Não
2499;CX;4.319.436.248.956.010;Produção;Não
2500;DA;1653125.14;Desenvolvimento;Não
2500;DA;9.603.422.000.000.000;Produção;Não
4494;DENTÃO;1333098.91;Desenvolvimento;Sim
4494;DENTÃO;33.855.723.999.999.900;Produção;Sim
2501;DJ;44.210.670.211.000.000;Desenvolvimento;Não
2501;DJ;3.678.807.492.421.160;Produção;Não
2502;DJM;23.963.030.645.999.900;Desenvolvimento;Não
2502;DJM;10.662.432.831.452.800;Produção;Não
3488;DO;12.699.138.351.000.000;Desenvolvimento;Não
3488;DO;30.592.490.797.000.000;Produção;Não
4045;DÓ-RÉ-MI;6.250.061.371.337.350;Desenvolvimento;Não
4045;DÓ-RÉ-MI;16.526.447.431.402.900;Produção;Não
2851;EM;11269523.31;Desenvolvimento;Não
1252;EN;951682023.01;Desenvolvimento;Não
1252;EN;1.197.759.977.931.890;Produção;Não
1253;ENO;2.316.950.951.300.000;Desenvolvimento;Não
1253;ENO;10.587.530.594.798.400;Produção;Não
1299;EP;91586566.1;Desenvolvimento;Não
1299;EP;6.030.429.038.945.810;Produção;Não
1366;ES-M-414;10737215.97;Desenvolvimento;Não
1394;ES-M-525;5.499.725.989.999.990;Desenvolvimento;Não
1395;ES-M-527;4.307.283.417.999.990;Desenvolvimento;Não
1403;ES-M-594;5567050.07;Desenvolvimento;Não
1254;ESP;2312006857.86;Desenvolvimento;Não
1254;ESP;699.138.976.888.187;Produção;Não
1459;ES-T-419;2624000;Produção;Não
2154;ET;19.701.600.694.900.000;Desenvolvimento;Não
2154;ET;22.426.051.186.472.400;Produção;Não
2503;FA;29.351.071.599.999.900;Desenvolvimento;Não
2503;FA;16.137.672.106.157.000;Produção;Não
1485;FAL;11.940.826.441.200.000;Desenvolvimento;Não
1485;FAL;15.527.858.485.892.600;Produção;Não
2504;FAP;3.263.419.029.999.990;Desenvolvimento;Não
2504;FAP;7.814.712.766.834.500;Produção;Não
2505;FAV;17.963.690.964.000.000;Desenvolvimento;Não
2505;FAV;3.171.407.582.850.910;Produção;Não
4130;FAZENDA GUINDASTE;13.338.309.977.688;Desenvolvimento;Sim
4130;FAZENDA GUINDASTE;218000;Produção;Sim
4131;FAZENDA PAU BRASIL;87300;Desenvolvimento;Sim
4131;FAZENDA PAU BRASIL;63.437.321.561.003;Produção;Sim
3844;FAZENDA RIO BRANCO;4.950.611.725.268.660;Produção;Sim
3845;FAZENDA SANTO ESTEVÃO;22.456.952.377.891.000;Produção;Sim
4332;FAZENDA SÃO RAFAEL;2984705.73;Desenvolvimento;Sim
4332;FAZENDA SÃO RAFAEL;4.035.531.717.999.990;Produção;Sim
2506;FBE;48.065.471.222.000.000;Desenvolvimento;Não
2506;FBE;535.035.556.820.953;Produção;Não
2507;FBL;44.029.838.020.000.000;Desenvolvimento;Não
2507;FBL;938.325.984.904.713;Produção;Não
2508;FBM;10.117.737.386.499.900;Desenvolvimento;Não
2508;FBM;11.041.452.819.592.900;Produção;Não
1486;FC;16.012.923.980.000.000;Desenvolvimento;Não
1486;FC;5.276.274.145.856.550;Produção;Não
2155;FC;8.147.881.320.000.000;Desenvolvimento;Não
2155;FC;26.098.180.050.899;Produção;Não
1487;FCN;12204344.11;Desenvolvimento;Não
1487;FCN;403.055.744.140.833;Produção;Não
2156;FCN;9.108.486.940.000.000;Desenvolvimento;Não
2156;FCN;169.358.672.866.823;Produção;Não
2509;FGA;4.984.947.579.999.990;Desenvolvimento;Não
773;FGT;8.193.189.843.017;Desenvolvimento;Não
2511;FI;3.721.499.662.699.990;Desenvolvimento;Não
2511;FI;35.071.926.116.307.400;Produção;Não
2157;FJ;7.119.653.040.000.000;Desenvolvimento;Não
2157;FJ;23.094.511.864.754.000;Produção;Não
2852;FLORIM;12.078.133.866.999.900;Desenvolvimento;Não
2158;FMQ;62009551.23;Desenvolvimento;Não
2158;FMQ;9.077.617.266.435.080;Produção;Não
3765;FMT;23.528.623.600.000.000;Desenvolvimento;Não
3765;FMT;5.397.809.340.861.200;Produção;Não
2512;FO;26.988.601.439.999.900;Desenvolvimento;Não
2512;FO;21.945.815.376.294.700;Produção;Não
4047;FOZ DO VAZA-BARRIS;23264100;Desenvolvimento;Sim
2159;FP;5.437.420.142.299.990;Desenvolvimento;Não
2159;FP;6.289.524.350.646.320;Produção;Não
2513;FP;21.436.367.518.999.900;Desenvolvimento;Não
2513;FP;2.928.778.685.778.290;Produção;Não
774;FPB;31.442.406.071.469;Produção;Não
1488;FQ;26.604.410.590.000.000;Desenvolvimento;Não
1488;FQ;8.410.736.938.573.180;Produção;Não
1255;FR;130366220;Desenvolvimento;Não
4197;FRADE;1793085796.8;Desenvolvimento;Sim
4197;FRADE;7.825.180.794.199.970;Produção;Sim
2853;FRANCO;95969750.16;Desenvolvimento;Não
2514;FRB;5.604.851.609.999.990;Desenvolvimento;Não
2514;FRB;825.742.778.840.739;Produção;Não
2515;FS;16.450.950.000.000.000;Desenvolvimento;Não
2515;FS;545229.28;Produção;Não
2516;FSE;19.790.479.756.981.100;Produção;Não
1489;FSJ;12.373.633.551.999.900;Desenvolvimento;Não
1489;FSJ;154.943.104.852.773;Produção;Não
1490;FSL;3.084.389.713.299.990;Desenvolvimento;Não
1490;FSL;31.174.838.663.132.100;Produção;Não
1491;FSR;426109248.74;Desenvolvimento;Não
1491;FSR;4.498.075.234.296.470;Produção;Não
3766;FSR;25.388.591.570.000.000;Desenvolvimento;Não
3766;FSR;3.453.766.849.448.270;Produção;Não
775;FU;4.477.077.675.300.000;Desenvolvimento;Não
775;FU;5.254.280.452.943.770;Produção;Não
2160;FZB;3.879.850.822.499.990;Desenvolvimento;Não
2160;FZB;5.995.612.423.074.360;Produção;Não
3490;GA;22.205.374.126.000.000;Desenvolvimento;Não
3490;GA;9.708.756.096.346.200;Produção;Não
4333;GAIVOTA;22.652.943.166.999.900;Desenvolvimento;Sim
4333;GAIVOTA;354.594.121.175;Produção;Sim
4503;GALO DE CAMPINA;6.484.585.294.437.990;Desenvolvimento;Sim
4503;GALO DE CAMPINA;5.488.342.888.000.000;Produção;Sim
4334;GARÇA BRANCA (LICITADO);5.921.219.500.000.000;Desenvolvimento;Sim
4334;GARÇA BRANCA (LICITADO);290050;Produção;Sim
4435;GAVIÃO AZUL;19.772.950.802.780.000;Desenvolvimento;Sim
4436;GAVIÃO BRANCO;13.119.020.588.497.100;Desenvolvimento;Sim
4437;GAVIÃO BRANCO NORTE;1.096.280.767.199.990;Desenvolvimento;Sim
4438;GAVIÃO BRANCO OESTE;16.440.476.534.999.900;Desenvolvimento;Sim
4439;GAVIÃO BRANCO SUDESTE;20.685.456.627.480.000;Desenvolvimento;Sim
4441;GAVIÃO CABOCLO;38.255.925.707.480.000;Desenvolvimento;Sim
4451;GAVIÃO CARIJÓ;0;Desenvolvimento;Sim
4443;GAVIÃO PRETO;12.968.576.461.379.900;Desenvolvimento;Sim
4444;GAVIÃO REAL;12.377.762.371.057.600;Desenvolvimento;Sim
4450;GAVIÃO TESOURA;8.054.729.803.000.000;Desenvolvimento;Sim
4445;GAVIÃO VERMELHO;13.146.540.344.250.000;Desenvolvimento;Sim
2161;GMR;15.386.552.125.000.000;Desenvolvimento;Não
2161;GMR;10.405.463.546.178.200;Produção;Não
2519;GO;21.034.507.700.000.000;Desenvolvimento;Não
2519;GO;8.459.617.071.740.700;Produção;Não
413896;GOIÁ;42.378.691.000.000.000;Desenvolvimento;Sim
413895;GOIÁ SUL;1268483.5;Desenvolvimento;Sim
4335;GOLFINHO;32.231.626.617.699.900;Desenvolvimento;Sim
4335;GOLFINHO;6.165.978.899.493.140;Produção;Sim
1256;GP;12.110.042.267.200.000;Desenvolvimento;Não
1256;GP;12.141.450.834.480.000;Produção;Não
1257;GPN;26.972.828.660.000.000;Desenvolvimento;Não
1257;GPN;16.823.604.084.999.900;Produção;Não
4504;GRAÚNA;0;Desenvolvimento;Sim
4504;GRAÚNA;10.133.182.199.999.900;Produção;Sim
1492;GU;13.588.613.160.000.000;Desenvolvimento;Não
1492;GU;86.764.456.277.739;Produção;Não
3951;GUAIAMÁ;11.581.650.597.299.900;Desenvolvimento;Sim
4505;GUAIUBA;6005179.66;Desenvolvimento;Sim
4506;GUAJÁ;26.146.573.700.000.000;Desenvolvimento;Sim
4508;GUAMARÉ SUDESTE;32.086.381.509.999.900;Desenvolvimento;Sim
4508;GUAMARÉ SUDESTE;14.152.163.151.284.900;Produção;Sim
3850;GUANAMBI;11.218.621.567.999.900;Desenvolvimento;Sim
3850;GUANAMBI;393.077.648.110.352;Produção;Sim
4049;GUARÁ;5.711.527.825;Desenvolvimento;Sim
3851;GURIATÃ;8.635.888.926.600.000;Desenvolvimento;Sim
3851;GURIATÃ;6.680.584.700.000.000;Produção;Sim
282614;GURIATÃ SUL;0;Desenvolvimento;Sim
4336;GURIRI;100693100;Desenvolvimento;Sim
4050;HARPIA;8.373.115.900.000.000;Desenvolvimento;Sim
4050;HARPIA;13.463.691.625;Produção;Sim
2520;I;11650900.73;Desenvolvimento;Não
2520;I;12.869.593.108.430.900;Produção;Não
2855;IARA_ENT;6559720.76;Desenvolvimento;Não
2521;IB;4.356.839.800.000.000;Desenvolvimento;Não
2521;IB;2.439.611.966.004.300;Produção;Não
2162;IC;5.534.889.819.999.990;Desenvolvimento;Não
2162;IC;75.600.355.290.887;Produção;Não
1782;ICA;289679.91;Desenvolvimento;Não
1782;ICA;19.871.699.999.999.900;Produção;Não
4337;INHAMBU;5.712.847.641.400.010;Desenvolvimento;Sim
4337;INHAMBU;7.435.673.667.274.930;Produção;Sim
3491;IP;24.813.885.720.000.000;Desenvolvimento;Não
3491;IP;2.522.227.270.422.880;Produção;Não
3708;IP;12.646.666.300.000.000;Desenvolvimento;Não
3767;IR;17.226.544.900.000.000;Desenvolvimento;Não
3767;IR;48.593.020.000.000.000;Produção;Não
251948;IRAÚNA;1455;Desenvolvimento;Sim
4511;IRERÊ;3948000;Desenvolvimento;Sim
4511;IRERÊ;29.432.676.194.598;Produção;Sim
3952;ITAPU;13.793.228.067.611.700;Desenvolvimento;Sim
776;JA;16.697.417.331.062;Produção;Não
2522;JA;5.046.835.468.999.990;Desenvolvimento;Não
2522;JA;9.844.552.647.625.350;Produção;Não
4513;JAÇANÃ;15.178.351.008.000.000;Desenvolvimento;Sim
4513;JAÇANÃ;6.855.892.130.836.530;Produção;Sim
4338;JACUPEMBA;5.689.993.163.999.990;Desenvolvimento;Sim
4338;JACUPEMBA;45990498;Produção;Sim
4339;JACUTINGA;7.858.194.769.999.990;Desenvolvimento;Sim
4339;JACUTINGA;5.032.827.498.443.330;Produção;Sim
4340;JACUTINGA NORTE;0;Desenvolvimento;Sim
4340;JACUTINGA NORTE;7.823.788.284.958.990;Produção;Sim
3857;JANDAIA;809.372.688.658.947;Produção;Sim
3860;JANDAIA SUL;9.054.976.485.000.000;Desenvolvimento;Sim
3860;JANDAIA SUL;4283484.12;Produção;Sim
4150;JAPIIM;23613.53;Desenvolvimento;Sim
4150;JAPIIM;25384;Produção;Sim
4133;JAPUAÇU;2.020.819.999.999.990;Desenvolvimento;Sim
4133;JAPUAÇU;10.195.626.175.785.200;Produção;Sim
2163;JD;15.496.046.520.000.000;Desenvolvimento;Não
2163;JD;38.269.105.816.133.000;Produção;Não
4134;JEQUIÁ;110600;Desenvolvimento;Sim
4134;JEQUIÁ;24.649.023.516.214;Produção;Sim
4162;JIRIBATUBA;0.04799999999999997;Desenvolvimento;Sim
4162;JIRIBATUBA;11.815.934.680.604.500;Produção;Sim
4514;JOÃO DE BARRO;3.880.407.726.000.000;Desenvolvimento;Sim
4514;JOÃO DE BARRO;16.536.109.379.999.900;Produção;Sim
3709;JR;9.837.703.801.999.990;Desenvolvimento;Não
3709;JR;109418.64;Produção;Não
4200;JUBARTE;6.703.033.519.420.000;Desenvolvimento;Sim
4200;JUBARTE;19.310.024.166.982.300;Produção;Sim
3859;JURITI;14.298.429.334.615.900;Desenvolvimento;Sim
3859;JURITI;30.295.126.822.378.000;Produção;Sim
2164;JZ;16.957.783.199.999.900;Desenvolvimento;Não
2164;JZ;5.009.657.296.069.800;Produção;Não
4341;LAGOA BONITA;44.642.669.000.000.000;Desenvolvimento;Sim
4341;LAGOA BONITA;8.087.887.000.000.000;Produção;Sim
4343;LAGOA DO DOUTOR;164668.39;Desenvolvimento;Sim
4343;LAGOA DO DOUTOR;0;Produção;Sim
3861;LAGOA DO PAULO;8.452.359.180.000.190;Produção;Sim
3862;LAGOA DO PAULO NORTE;95.999.819.292.312;Produção;Sim
3863;LAGOA DO PAULO SUL;5.555.240.738.461.990;Produção;Sim
4135;LAGOA PACAS;10.341.871.574.844;Desenvolvimento;Sim
4135;LAGOA PACAS;142300;Produção;Sim
4345;LAGOA PARDA;9.054.721.399.999.990;Desenvolvimento;Sim
4345;LAGOA PARDA;18324011.9;Produção;Sim
4346;LAGOA PARDA NORTE;818663.45;Desenvolvimento;Sim
4346;LAGOA PARDA NORTE;151765.52;Produção;Sim
3953;LAGOSTA;252606073.61;Desenvolvimento;Sim
3953;LAGOSTA;7.678.211.314.917.620;Produção;Sim
3954;LAPA;6399318600;Desenvolvimento;Não
3954;LAPA;2.012.065.630.492.990;Produção;Não
2165;LAR;21.560.079.200.000.000;Desenvolvimento;Não
2165;LAR;16.637.201.212.465.300;Produção;Não
1493;LB;21.797.474.909.999.900;Desenvolvimento;Não
1493;LB;6.387.819.788.713.500;Produção;Não
3769;LB;13.420.021.700.000.000;Desenvolvimento;Não
2524;LE;5.363.916.900.000.000;Desenvolvimento;Não
2524;LE;4.294.147.431.276.490;Produção;Não
1258;LI;9.282.836.001.200.000;Desenvolvimento;Não
1258;LI;20.173.895.630.814.000;Produção;Não
2525;LM;6.279.378.521.000.000;Desenvolvimento;Não
2525;LM;7.186.769.429.961.470;Produção;Não
2166;LOR;1.992.421.703.500.000;Desenvolvimento;Não
2166;LOR;37.617.395.102.874.700;Produção;Não
1495;LP;5.127.855.376.999.990;Desenvolvimento;Não
1495;LP;20.133.932.829.470.200;Produção;Não
1496;LPB;4.434.952.240.000.000;Desenvolvimento;Não
1496;LPB;26.457.078.477.808.100;Produção;Não
777;LPC;10.076.637.523.017;Desenvolvimento;Não
1497;LPN;25.976.431.599.999.900;Desenvolvimento;Não
1497;LPN;16.083.044.450.000.000;Produção;Não
1498;LPS;264085.83;Desenvolvimento;Não
1498;LPS;4948527.74;Produção;Não
2167;LPX;10.777.967.233.000.000;Desenvolvimento;Não
2167;LPX;873.893.203.275.299;Produção;Não
1499;LS;5.545.043.820.000.000;Desenvolvimento;Não
1499;LS;1.057.741.048.804.720;Produção;Não
3710;LUC;16.388.112.035.299.900;Desenvolvimento;Não
3710;LUC;22.436.863.600.691.100;Produção;Não
2168;LV;1.900.650.937.899.990;Desenvolvimento;Não
2168;LV;2.323.672.934.012.410;Produção;Não
2526;LV;226948.31;Desenvolvimento;Não
2526;LV;7.649.965.200.000.000;Produção;Não
1259;MA;9.681.271.841.100.000;Desenvolvimento;Não
1259;MA;11.376.298.850.884.300;Produção;Não
1500;MA;6.862.472.620.000.000;Desenvolvimento;Não
1500;MA;10.844.796.498.874.900;Produção;Não
2169;MA;19406575.12;Desenvolvimento;Não
2169;MA;207.352.269.020.672;Produção;Não
4523;MAÇARICO;37.590.260.309.999.900;Desenvolvimento;Sim
4523;MAÇARICO;6645828.8;Produção;Sim
147564;MÃE-DA-LUA;52.005.373.613.399.900;Desenvolvimento;Sim
2170;MAG;13.851.556.505.000.000;Desenvolvimento;Não
2170;MAG;12.346.214.243.358.100;Produção;Não
1501;MAN;724352.23;Desenvolvimento;Não
1501;MAN;41.012.017.278.755;Produção;Não
4164;MANATI;2016972658.71;Desenvolvimento;Sim
4164;MANATI;1.891.132.249.305.800;Produção;Sim
4203;MANGANGÁ;179753.69;Desenvolvimento;Sim
1502;MAO;2073017.35;Desenvolvimento;Não
1502;MAO;22.888.361.599.999.900;Produção;Não
3871;MARITACA;3.003.991.445.781.990;Desenvolvimento;Sim
4052;MATO GROSSO;1166626600;Desenvolvimento;Sim
4053;MATO GROSSO NOROESTE;11.782.779.999.999.900;Desenvolvimento;Sim
4053;MATO GROSSO NOROESTE;6.724.792.939.825.000;Produção;Sim
4054;MATO GROSSO NORTE;0;Desenvolvimento;Sim
4055;MATO GROSSO SUDOESTE;0;Desenvolvimento;Sim
4055;MATO GROSSO SUDOESTE;49.471.534.290.200.000;Produção;Sim
4056;MATO GROSSO SUL;9.056.481.000.000.000;Desenvolvimento;Sim
4056;MATO GROSSO SUL;3.262.323.175.949;Produção;Sim
1069;MB;0;Desenvolvimento;Não
1069;MB;40.394.146.100.000.000;Produção;Não
2527;MDU;13.420.432.790.000.000;Desenvolvimento;Não
2527;MDU;278.763.445.211.659;Produção;Não
2528;ME;4.014.846.899.999.990;Desenvolvimento;Não
2528;ME;12.974.585.837.338.100;Produção;Não
3957;MEXILHÃO;23.860.737.807.999.900;Desenvolvimento;Sim
3957;MEXILHÃO;2.412.681.281.797.320;Produção;Sim
2529;MG;13.983.974.763.699.900;Desenvolvimento;Não
2529;MG;2.073.183.725.919.140;Produção;Não
3492;MG;208684331.81;Desenvolvimento;Não
3492;MG;22.087.093.289.730.400;Produção;Não
2530;MGL;16.647.438.999.999.900;Desenvolvimento;Não
2530;MGL;24.507.427.000.000.000;Produção;Não
2532;MGN;15.587.694.940.000.000;Desenvolvimento;Não
2532;MGN;30.911.078.511.697.200;Produção;Não
2533;MJ;2.284.157.832.999.990;Desenvolvimento;Não
2533;MJ;51.159.969.792.938.700;Produção;Não
2534;ML;178636722.89;Desenvolvimento;Não
2534;ML;12.460.025.724.645.700;Produção;Não
1260;MLH;2.339.558.735.499.990;Desenvolvimento;Não
1260;MLH;2.021.236.163.090.690;Produção;Não
1261;MLL;5.733.609.426.949.990;Desenvolvimento;Não
1261;MLL;18.882.820.220.029.200;Produção;Não
1262;MLS;10.252.457.763.460.000;Desenvolvimento;Não
1262;MLS;3.988.288.462.647.950;Produção;Não
2857;MLZ;147797757.89;Desenvolvimento;Não
2857;MLZ;1.932.803.073.316.130;Produção;Não
1263;MO;178822573.39;Desenvolvimento;Não
1263;MO;10.117.425.099.000.000;Produção;Não
2171;MO;45605569.92;Desenvolvimento;Não
2171;MO;7.282.854.065.150.660;Produção;Não
2172;MOR;32.746.242.939.999.900;Desenvolvimento;Não
2172;MOR;4.974.902.815.639.370;Produção;Não
4165;MORRO DO BARRO;2.756.084.514.000.000;Desenvolvimento;Sim
4165;MORRO DO BARRO;26147300;Produção;Sim
4353;MOSQUITO;4.295.228.690.000.000;Desenvolvimento;Sim
4353;MOSQUITO;1389262.11;Produção;Sim
4354;MOSQUITO NORTE;6.729.512.516.999.990;Desenvolvimento;Sim
4354;MOSQUITO NORTE;12537.07;Produção;Sim
2535;MP;5.587.548.757.799.990;Desenvolvimento;Não
2535;MP;3.725.260.455.898.290;Produção;Não
1265;MRL;8.714.294.137.730.000;Desenvolvimento;Não
1265;MRL;6.867.399.105.063.990;Produção;Não
2536;MUI;9.247.114.906.000.000;Desenvolvimento;Não
2536;MUI;34.523.470.685.757;Produção;Não
4136;MUTUM;36.510.830.999.000.000;Desenvolvimento;Sim
1266;NA;11.855.031.259.900.000;Desenvolvimento;Não
1266;NA;4.955.671.142.597.230;Produção;Não
4211;NAUTILUS;8.626.153.004.558.090;Desenvolvimento;Sim
3711;NEJ;3.48;Desenvolvimento;Não
3711;NEJ;274822.48;Produção;Não
1267;NEN;4.585.322.367.999.990;Desenvolvimento;Não
1267;NEN;43097053.44;Produção;Não
413897;NEON;21208102.5;Desenvolvimento;Sim
413898;NEON SUL;15.550.521.499.999.900;Desenvolvimento;Sim
2537;NFC;8.340.052.129.999.990;Desenvolvimento;Não
2537;NFC;2.013.787.811.017.710;Produção;Não
2173;NMR;1.947.739.474.999.990;Desenvolvimento;Não
2173;NMR;21.957.759.300.000.000;Produção;Não
1503;NO;25.503.450.740.000.000;Desenvolvimento;Não
1503;NO;15.606.099.615.405.100;Produção;Não
3958;NORTE DE BERBIGÃO;0;Desenvolvimento;Sim
4528;NORTE DE PESCADA;6591255.06;Desenvolvimento;Sim
3959;NORTE DE SURURU;0;Desenvolvimento;Sim
4529;OESTE DE UBARANA;1.405.284.003.100.000;Desenvolvimento;Sim
4529;OESTE DE UBARANA;2.033.948.309.661.880;Produção;Sim
3960;OLIVA;8.870.596.267.700.000;Desenvolvimento;Sim
4213;OSTRA;13.366.220.503.888.600;Desenvolvimento;Sim
1268;PA;2.400.532.283.999.990;Desenvolvimento;Não
1268;PA;9.004.937.517.454.190;Produção;Não
4266;PAPA-TERRA;5.630.420.049.699.990;Desenvolvimento;Sim
4266;PAPA-TERRA;11.060.877.510.529.900;Produção;Sim
2174;PAR;7.694.620.000.000.000;Desenvolvimento;Não
3890;PARIRI;344788.91;Desenvolvimento;Sim
3890;PARIRI;4774989.76;Produção;Sim
778;PARU;8.926.843.874.999.990;Desenvolvimento;Sim
778;PARU;2.230.097.864.844.880;Produção;Sim
4139;PARU;8.926.843.874.999.990;Desenvolvimento;Sim
4139;PARU;22.300.978.648.448.800;Produção;Sim
4582;PATATIVA;4.083.725.980.000.000;Desenvolvimento;Sim
4582;PATATIVA;48.270.521.118.259.400;Produção;Sim
4583;PATURI;442810596.81;Desenvolvimento;Sim
4583;PATURI;37.422.450.199.999.900;Produção;Sim
2175;PC;4.601.510.051.999.990;Desenvolvimento;Não
2175;PC;2.277.570.359.564.980;Produção;Não
2539;PC;1.867.000.447.999.990;Desenvolvimento;Não
2539;PC;18.730.690.804.397.600;Produção;Não
2540;PDR;10.725.350.030.000.000;Desenvolvimento;Não
2540;PDR;87.119.285.926.861;Produção;Não
2176;PE;9.160.800.232.999.990;Desenvolvimento;Não
2176;PE;6.417.644.043.623.000;Produção;Não
4004;PEO-1BRSA1146RJS_IARA_ENTORNO_CCO;1088497900;Desenvolvimento;Sim
1504;PER;16.997.930.853.500.000;Desenvolvimento;Não
1504;PER;10.471.114.133.827.600;Produção;Não
4269;PEREGRINO;11.170.834.255.911.700;Desenvolvimento;Sim
4585;PERIQUITO;18.568.899.082.692.300;Desenvolvimento;Sim
4585;PERIQUITO;5.566.048.399.999.990;Produção;Sim
495782;PERIQUITO NORDESTE;305983.2;Desenvolvimento;Sim
321308;PERIQUITO NORTE;8.493.795.999.999.990;Desenvolvimento;Sim
1269;PG;5.626.152.402.199.990;Desenvolvimento;Não
1269;PG;9.340.372.272.219.040;Produção;Não
4168;PINAÚNA;23.566.212.000.000.000;Desenvolvimento;Sim
4587;PINTASSILGO;1.487.883.346.599.990;Desenvolvimento;Não
4587;PINTASSILGO;8.996.975.223.779.090;Produção;Não
779;PIR;1.332.587.026.590.000;Desenvolvimento;Não
779;PIR;14.560.124.958.561.400;Produção;Não
4005;PIRACABA;8.061.071.322.200.000;Desenvolvimento;Sim
4005;PIRACABA;4.819.599.999.999.990;Produção;Sim
4006;PIRACUCÁ;12.690.063.488.340.000;Desenvolvimento;Sim
4270;PIRAMBU;25.840.632.845.999.900;Desenvolvimento;Sim
4270;PIRAMBU;1.605.832.269.753.000;Produção;Sim
4079;PIRANEMA;9.990.490.175.799.990;Desenvolvimento;Sim
4079;PIRANEMA;2.769.265.813.192.600;Produção;Sim
4080;PIRANEMA SUL;19.725.884.001.099.900;Desenvolvimento;Sim
4080;PIRANEMA SUL;-12933.2;Produção;Sim
4007;PIRAPITANGA;21.302.160.146.000.000;Desenvolvimento;Sim
4007;PIRAPITANGA;26.92;Produção;Sim
4272;PITANGOLA;0;Desenvolvimento;Sim
4588;PITIGUARI;900000;Desenvolvimento;Sim
4588;PITIGUARI;8152000;Produção;Sim
2177;PJ;67452285.4;Desenvolvimento;Não
2177;PJ;100.165.879.766.429;Produção;Não
2541;PJN;4.975.147.359.999.990;Desenvolvimento;Não
2541;PJN;9.106.908.100.000.000;Produção;Não
1270;PM;14.675.350.605.999.900;Desenvolvimento;Não
1270;PM;4.036.509.135.765.120;Produção;Não
2179;PML;7298939.27;Desenvolvimento;Não
2179;PML;25.210.869.496.174.400;Produção;Não
1957;PN-T-49;0;Produção;Não
4273;POLVO;18.782.412.507.820.600;Desenvolvimento;Sim
4273;POLVO;28.252.944.037.599.900;Produção;Sim
2249;POT-T-302;19.769.680.000.000.000;Desenvolvimento;Não
2249;POT-T-302;5.595.765.400.000.000;Produção;Não
2256;POT-T-352;72608000;Produção;Não
2276;POT-T-432;53720586.6;Desenvolvimento;Não
2276;POT-T-432;3.869.586.239.999.990;Produção;Não
2299;POT-T-479;67691983.4;Desenvolvimento;Não
2333;POT-T-565;11.939.247.900.000.000;Produção;Não
2336;POT-T-569;3.041.939.000.000.000;Desenvolvimento;Não
2339;POT-T-575;0;Desenvolvimento;Não
2339;POT-T-575;0;Produção;Não
2354;POT-T-612;1430020;Produção;Não
2357;POT-T-617;0;Desenvolvimento;Não
2357;POT-T-617;0;Produção;Não
2358;POT-T-618;0;Desenvolvimento;Não
2358;POT-T-618;0;Produção;Não
2391;POT-T-741;0;Desenvolvimento;Não
2391;POT-T-741;0;Produção;Não
2393;POT-T-743;57.6;Desenvolvimento;Não
2393;POT-T-743;2656717.7;Produção;Não
2394;POT-T-744;0;Desenvolvimento;Não
2394;POT-T-744;409390.31;Produção;Não
2403;POT-T-790;39.611.447.999.999.900;Desenvolvimento;Não
2403;POT-T-790;28.622.289.199.999.900;Produção;Não
2429;PSA;30.819.267.500.000.000;Desenvolvimento;Não
2429;PSA;24.926.011.146.732.000;Produção;Não
1271;PU;5.275.057.720.999.990;Desenvolvimento;Não
1271;PU;11.609.393.355.962.000;Produção;Não
2430;PV;24.091.442.529.999.900;Desenvolvimento;Não
2430;PV;22.304.234.844.812.900;Produção;Não
2542;PV;31.665.596.899.999.900;Desenvolvimento;Não
2542;PV;620413.65;Produção;Não
2431;PX;12747129.64;Desenvolvimento;Não
2431;PX;304.342.037.901.314;Produção;Não
3770;QE;3.943.059.295.999.990;Desenvolvimento;Não
3770;QE;4.819.462.852.143.680;Produção;Não
4083;RABO BRANCO;37.838.615.221.744.000;Desenvolvimento;Sim
2439;RAL;271.55;Desenvolvimento;Não
2439;RAL;1913.98;Produção;Não
1506;RBS;14.289.081.729.999.900;Desenvolvimento;Não
1506;RBS;4.466.097.655.999.990;Produção;Não
2544;RBU;42.424.122.540.000.000;Desenvolvimento;Não
2544;RBU;50.570.727.375.935.100;Produção;Não
2545;RCB;26.442.565.087.000.000;Desenvolvimento;Não
2545;RCB;2.977.006.454.451.020;Produção;Não
1507;RD;59.521.489.999.999.900;Desenvolvimento;Não
1507;RD;15.912.677.300.000.000;Produção;Não
2441;RE;41.887.975.299.999.900;Desenvolvimento;Não
2441;RE;16.583.561.407.999.500;Produção;Não
2587;REC-T-139;12.069.403.547.562.800;Produção;Não
2600;REC-T-153;4060002;Produção;Não
2755;REC-T-71;2.992.534.312.616.190;Produção;Não
4275;RÊMORA;0;Desenvolvimento;Sim
2442;REP;5.170.835.908.999.990;Desenvolvimento;Não
2442;REP;11.629.972.554.823.900;Produção;Não
2443;RFQ;667667687.77;Desenvolvimento;Não
2443;RFQ;7.296.272.759.849.620;Produção;Não
1508;RI;4.913.890.025.000.000;Desenvolvimento;Não
1508;RI;12.071.967.592.807.800;Produção;Não
2783;RI;12.919.466.318.000.000;Desenvolvimento;Não
2783;RI;13.085.483.928.232.300;Produção;Não
4600;RIACHO VELHO;77946167;Desenvolvimento;Sim
1509;RIB;19.470.170.000.000.000;Desenvolvimento;Não
1509;RIB;13.707.828.599.999.900;Produção;Não
1510;RIL;661055.97;Desenvolvimento;Não
1510;RIL;2.632.300.599.999.990;Produção;Não
4602;RIO DO CARMO;7626000;Desenvolvimento;Sim
4602;RIO DO CARMO;42597.91;Produção;Sim
4400;RIO IPIRANGA;5.548.648.172.749.990;Desenvolvimento;Sim
4400;RIO IPIRANGA;10.247.047.830.000.000;Produção;Sim
4401;RIO ITAÚNAS;10506.56;Desenvolvimento;Sim
4401;RIO ITAÚNAS;1724223.83;Produção;Sim
4404;RIO MARIRICU SUL;10.309.227.060.000.000;Desenvolvimento;Sim
4404;RIO MARIRICU SUL;15.701.663.273.450.000;Produção;Sim
4406;RIO PRETO;102756100;Desenvolvimento;Sim
4408;RIO PRETO SUDESTE;1568300;Desenvolvimento;Sim
4408;RIO PRETO SUDESTE;672529.29;Produção;Sim
4411;RIO SÃO MATEUS OESTE;35.956.000.000.000.000;Desenvolvimento;Sim
4411;RIO SÃO MATEUS OESTE;38.050.906.000.000.000;Produção;Sim
2784;RJ;2017903.68;Desenvolvimento;Não
2784;RJ;28.964.893.125.243.900;Produção;Não
1512;RM;5.736.992.029.999.990;Desenvolvimento;Não
1512;RM;16922010.9;Produção;Não
2444;RMO;34.782.335.799.999.900;Desenvolvimento;Não
2444;RMO;11.254.740.886.668.300;Produção;Não
1272;RO;17.623.451.253.640.000;Desenvolvimento;Não
1272;RO;44.148.923.105.605.700;Produção;Não
2785;RO;16.623.061.679.999.900;Desenvolvimento;Não
2785;RO;5.043.681.785.114.950;Produção;Não
3493;RO;8.349.049.432.600.000;Desenvolvimento;Não
3493;RO;7.088.717.099.265.020;Produção;Não
4605;ROLINHA;357180;Desenvolvimento;Sim
4605;ROLINHA;58850965.2;Produção;Sim
2786;ROU;8.411.225.695.999.990;Desenvolvimento;Não
2786;ROU;12.320.318.970.379.100;Produção;Não
2787;ROV;6.949.115.429.999.990;Desenvolvimento;Não
2787;ROV;15.325.945.383.503.900;Produção;Não
1513;RP;18.096.891.130.000.000;Desenvolvimento;Não
1513;RP;817.996.130.768.125;Produção;Não
2788;RPJ;89894916.09;Desenvolvimento;Não
2788;RPJ;22.751.298.878.728.300;Produção;Não
1514;RPO;48.307.046.359.999.900;Desenvolvimento;Não
1514;RPO;1.281.162.008.065.870;Produção;Não
2789;RPP;32.654.424.400.000.000;Desenvolvimento;Não
2789;RPP;38.008.513.685.186.000;Produção;Não
1515;RPS;8.548.251.792.999.990;Desenvolvimento;Não
1515;RPS;9.382.190.176.711.320;Produção;Não
2790;RS;2.690.465.239.999.990;Desenvolvimento;Não
2790;RS;228.932.681.758.331;Produção;Não
2791;RSE;10.010.443.999.999.900;Desenvolvimento;Não
2791;RSE;5.845.570.152.227.990;Produção;Não
1516;RSM;18.916.019.379.999.900;Desenvolvimento;Não
1516;RSM;4.266.180.210.105.670;Produção;Não
2793;RSP;19.308.476.899.999.900;Desenvolvimento;Não
2793;RSP;20.498.309.859.908.700;Produção;Não
2794;RSU;407113.63;Desenvolvimento;Não
2794;RSU;25.469.846.793.383.200;Produção;Não
2795;RU;10500;Desenvolvimento;Não
3712;RUC;17.909.480.501.999.900;Desenvolvimento;Não
3712;RUC;189.869.679.556.496;Produção;Não
1273;SA;21.808.011.999.037.600;Desenvolvimento;Não
1273;SA;5.986.544.085.603.700;Produção;Não
2796;SA;23.665.393.160.000.000;Desenvolvimento;Não
2796;SA;13.222.749.177.464.700;Produção;Não
2446;SAB;13.476.134.980.000.000;Desenvolvimento;Não
2446;SAB;8.365.552.657.527.890;Produção;Não
4607;SABIÁ BICO-DE-OSSO;36.571.299.294.832.700;Desenvolvimento;Sim
4607;SABIÁ BICO-DE-OSSO;400.791.965.115.634;Produção;Sim
4608;SABIÁ DA MATA;297.211.196.210.561;Desenvolvimento;Sim
4608;SABIÁ DA MATA;398.937.787.371.789;Produção;Sim
4412;SAIRA;13.872.626.700.000.000;Desenvolvimento;Sim
4412;SAIRA;6.162.635.159.999.990;Produção;Sim
4276;SALEMA;3.767.168.004.279.160;Desenvolvimento;Sim
4276;SALEMA;947.141.703.034.647;Produção;Sim
4609;SALEMA BRANCA;9.664.273.900.000.000;Desenvolvimento;Sim
4611;SANHAÇU;4.614.133.002.000.000;Desenvolvimento;Sim
4611;SANHAÇU;15.803.062.599.999.900;Produção;Sim
3915;SANTANA;576357;Produção;Sim
4619;SÃO MANOEL;11710500;Desenvolvimento;Sim
4619;SÃO MANOEL;572990;Produção;Sim
4414;SÃO MATEUS;6.039.126.799.999.990;Desenvolvimento;Sim
4414;SÃO MATEUS;15395543.57;Produção;Sim
4415;SÃO MATEUS LESTE;17.616.076.419.999.900;Desenvolvimento;Sim
4415;SÃO MATEUS LESTE;44.011.190.652.378;Produção;Sim
4008;SAPINHOÁ;16.778.656.521.500.000;Desenvolvimento;Sim
4008;SAPINHOÁ;27.387.743.929.887.700;Produção;Sim
4169;SARDINHA;22.766.977.048.969;Desenvolvimento;Sim
3916;SAUÍPE;42.761.920.001.528.700;Produção;Sim
2797;SC;16.466.502.424.999.900;Desenvolvimento;Não
2797;SC;23.888.160.446.324.500;Produção;Não
780;SCE;7.045.037.600.046.290;Produção;Não
2447;SCR;44.657.572.635.999.900;Desenvolvimento;Não
2447;SCR;48.228.533.017.942.500;Produção;Não
2798;SCX;1.532.887.400.999.990;Desenvolvimento;Não
2798;SCX;3.433.706.269.019.280;Produção;Não
2799;SDS;23.892.040.709.999.900;Desenvolvimento;Não
2799;SDS;11.627.254.269.999.900;Produção;Não
2448;SE;7.651.801.410.000.000;Desenvolvimento;Não
2448;SE;10.316.811.049.587.600;Produção;Não
2800;SE;23.366.150.281.873.500;Produção;Não
3497;SEAL-10;7304333.6;Desenvolvimento;Não
3498;SEAL-100;51267.61;Desenvolvimento;Não
3506;SEAL-M-349;12.722.374.539.999.900;Desenvolvimento;Não
3510;SEAL-M-424;2.196.437.543.999.990;Desenvolvimento;Não
3511;SEAL-M-426;2.806.480.389.799.990;Desenvolvimento;Não
3515;SEAL-M-499;21.935.248.779.999.900;Desenvolvimento;Não
3568;SEAL-T-330;1024502.73;Produção;Não
4142;SEBASTIÃO FERREIRA;9.485.309.977.688;Desenvolvimento;Sim
4124;SEMPRE VIVA;10.441.709.859.999.900;Desenvolvimento;Sim
4124;SEMPRE VIVA;212154300;Produção;Sim
4009;SÉPIA;16.208.502.337.199.900;Desenvolvimento;Sim
2449;SER;8.705.838.181.599.990;Desenvolvimento;Não
2449;SER;51.740.836.555.842.100;Produção;Não
4413;SERIEMA;1.839.273.778.000.000;Desenvolvimento;Sim
4413;SERIEMA;33.583.677.512.510.700;Produção;Sim
909;SF;8.998.944.529.017.000;Desenvolvimento;Não
3692;SG;5.115.717.632.999.990;Desenvolvimento;Não
3692;SG;1.763.555.482.172.160;Produção;Não
2801;SI;4.880.251.260.000.000;Desenvolvimento;Não
2801;SI;26.589.784.255.715.000;Produção;Não
4616;SIBITE;1.899.477.923.999.990;Desenvolvimento;Sim
4616;SIBITE;5.940.431.540.000.000;Produção;Sim
4617;SIRI;21.361.134.360.000.000;Desenvolvimento;Sim
4617;SIRI;29.550.620.000.000.000;Produção;Sim
4088;SIRIRIZINHO OESTE;5.353.355.800.000.000;Desenvolvimento;Sim
4089;SIRIRIZINHO SUL;76.364.998.999.999.900;Desenvolvimento;Sim
1517;SM;11.739.827.038.000.000;Desenvolvimento;Não
1517;SM;22.294.098.797.318.800;Produção;Não
2450;SM;1.928.060.235.000.000;Desenvolvimento;Não
2450;SM;5.143.877.940.497.490;Produção;Não
2451;SMA;16400;Produção;Não
910;SMC;8.853.643.443.999.990;Desenvolvimento;Não
910;SMC;1.685.948.293.705.000;Produção;Não
2452;SMI;13.880.275.820.000.000;Desenvolvimento;Não
2452;SMI;6555994.35;Produção;Não
2453;SMN;217.68;Desenvolvimento;Não
2453;SMN;9.272.039.999.999.990;Produção;Não
3920;SOCORRO;1901515800;Desenvolvimento;Sim
3921;SOCORRO EXTENSÃO;355179800;Desenvolvimento;Sim
3713;SOJ;34.799.999.999.999.900;Desenvolvimento;Não
2802;SP;9.830.917.499.999.990;Desenvolvimento;Não
2802;SP;23.677.091.290.469.000;Produção;Não
3751;SUC;1.399.312.636.500.000;Desenvolvimento;Não
3751;SUC;9.467.153.185.899.710;Produção;Não
4012;SUL DE BERBIGÃO;5.427.254.152.800.000;Desenvolvimento;Sim
4143;SUL DE CORURIPE;121100;Desenvolvimento;Sim
4143;SUL DE CORURIPE;8.226.390.937.856;Produção;Sim
4011;SUL DE SAPINHOÁ;8.055.297.149.999.980;Desenvolvimento;Sim
4013;SUL DE SURURU;0;Desenvolvimento;Sim
4010;SUL DE TUPI;2.024.380.180.950.020;Desenvolvimento;Sim
4014;SURURU;4.901.735.690.800.000;Desenvolvimento;Não
4014;SURURU;4067700167.6;Produção;Não
2803;SUS;44.932.447.300.000.000;Desenvolvimento;Não
2803;SUS;28.479.165.779.562.800;Produção;Não
2454;SVM;10.329.795.159.999.900;Desenvolvimento;Não
2454;SVM;3.996.914.709.663.100;Produção;Não
3693;SZ;11.099.039.935.100.000;Desenvolvimento;Não
3693;SZ;12.550.168.684.703.300;Produção;Não
4416;TABUIAIÁ;29.393.052.980.000.000;Desenvolvimento;Sim
4145;TABULEIRO DOS MARTINS;1245500;Desenvolvimento;Sim
4145;TABULEIRO DOS MARTINS;53.374.185.776.584.800;Produção;Sim
4016;TAMBAÚ;8.006.447.497.699.990;Desenvolvimento;Sim
4016;TAMBAÚ;3.373.588.849.777.080;Produção;Sim
4017;TAMBUATÁ;347184578.24;Desenvolvimento;Sim
3927;TANGARÁ;2.377.265.735.900.000;Desenvolvimento;Sim
3927;TANGARÁ;19.132.957.976.264.500;Produção;Sim
3928;TAPIRANGA;52.613.145.120.000.000;Desenvolvimento;Sim
3928;TAPIRANGA;7145.92;Produção;Sim
3929;TAPIRANGA NORTE;5.186.734.586.999.990;Desenvolvimento;Sim
3929;TAPIRANGA NORTE;9087.87;Produção;Sim
4091;TARTARUGA;4171100;Desenvolvimento;Sim
4091;TARTARUGA;25.441.309.009.999.900;Produção;Sim
4277;TARTARUGA MESTIÇA;4401983473.26;Desenvolvimento;Sim
4277;TARTARUGA MESTIÇA;23109.18;Produção;Sim
4278;TARTARUGA VERDE;11.661.468.529.075.000;Desenvolvimento;Sim
4278;TARTARUGA VERDE;14.310.040.386.591.800;Produção;Sim
4092;TATUI;21.592.757.759.999.900;Desenvolvimento;Sim
4092;TATUI;16.624.992.205.120.100;Produção;Sim
3376;TB;3165857.67;Desenvolvimento;Não
3376;TB;0;Produção;Não
3932;TIÊ;1.758.253.458.229.890;Desenvolvimento;Sim
4093;TIGRE;16.839.504.295.620.000;Desenvolvimento;Sim
4622;TIZIU;4.311.063.039.999.990;Desenvolvimento;Sim
4622;TIZIU;6.917.818.289.261.990;Produção;Sim
911;TM;21.190.066.144.805;Produção;Não
2455;TM;25.500.593.270.000.000;Desenvolvimento;Não
2455;TM;36.565.698.174.106.600;Produção;Não
2804;TQ;607849868.22;Desenvolvimento;Não
2804;TQ;9.988.696.862.036.350;Produção;Não
1274;TR;22.039.467.912.999.900;Desenvolvimento;Não
1274;TR;20.208.996.740.528.800;Produção;Não
4626;TRINCA FERRO;6.767.468.319.999.990;Desenvolvimento;Sim
4626;TRINCA FERRO;12.610.849.965.592.000;Produção;Sim
3935;TROVOADA;15484740;Desenvolvimento;Sim
3935;TROVOADA;3800400;Produção;Sim
4280;TUBARÃO AREIA;31.760.687.100.000.000;Desenvolvimento;Sim
4281;TUBARÃO AZUL;5.809.028.560.030.000;Desenvolvimento;Sim
4282;TUBARÃO GATO;0;Desenvolvimento;Sim
4283;TUBARÃO MARTELO;3.100.147.094.574.990;Desenvolvimento;Sim
4283;TUBARÃO MARTELO;78353399.09;Produção;Sim
4284;TUBARÃO TIGRE;2.527.301.400.000.000;Desenvolvimento;Sim
4417;TUCANO;118.111.738.447;Desenvolvimento;Sim
4417;TUCANO;18.071.235.467.500.000;Produção;Sim
3955;TUPI;10.017.539.840.994.000;Desenvolvimento;Sim
3955;TUPI;7.334.622.489.102.910;Produção;Sim
3377;TUPI_NE;37645120.58;Desenvolvimento;Não
2457;UB;19.463.040.294.500.000;Desenvolvimento;Não
2457;UB;2.102.841.725.709.020;Produção;Não
3936;UIRAPURU;12134000;Desenvolvimento;Sim
3936;UIRAPURU;15.523.133.302.418.700;Produção;Sim
3937;UIRAPURU SUDOESTE;2584100;Desenvolvimento;Sim
3937;UIRAPURU SUDOESTE;133400;Produção;Sim
2458;UPN;6.325.844.968.999.990;Desenvolvimento;Não
2458;UPN;8.669.130.939.836.610;Produção;Não
4019;URUGUÁ;1585680026.03;Desenvolvimento;Sim
4019;URUGUÁ;3.565.745.195.168.610;Produção;Sim
4630;URUTAU (LICITADO);8.920.644.800.000.000;Desenvolvimento;Sim
1275;VD;6.995.934.080.800.000;Desenvolvimento;Não
1275;VD;37.781.756.569.277.500;Produção;Não
1276;VL;450284847.48;Desenvolvimento;Não
1276;VL;6.264.213.387.905.520;Produção;Não
1277;VM;42.113.908.046.000.000;Desenvolvimento;Não
1277;VM;3.648.812.020.983.230;Produção;Não
2805;VQ;3.812.331.600.000.000;Desenvolvimento;Não
2805;VQ;16.122.058.000.000.000;Produção;Não
2459;VR;10492219.72;Desenvolvimento;Não
2459;VR;12114974.34;Produção;Não
2460;VRG;19.918.530.859.999.900;Desenvolvimento;Não
2460;VRG;30.224.551.249.006.300;Produção;Não
1300;XA;204493153.65;Desenvolvimento;Não
1300;XA;1.027.746.814.291.190;Produção;Não
4288;XERELETE;249.435.001.079;Desenvolvimento;Sim
1278;XRLS;0;Desenvolvimento;Não
